{
  "index": {
    "degree": 3,
    "num_points": 5000,
    "coeffs": [
      [
        0.024557440306407764,
        0.16439986020705452,
        0.005740965752501363
      ],
      [
        0.1464112516627636,
        -0.2546563265453808,
        -0.008892788883844548
      ],
      [
        -0.1783878395708736,
        -0.02861535965313392,
        -0.0009992697047130114
      ],
      [
        -0.018975063740530058,
        0.1438021878364754,
        0.030234484744360687
      ]
    ]
  },
  "middle": {
    "degree": 3,
    "num_points": 5000,
    "coeffs": [
      [
        -0.022194227384266747,
        -0.17877346780714834,
        -5.241843948893361e-16
      ],
      [
        0.23006352423307136,
        0.2635612400729225,
        7.576725780054999e-16
      ],
      [
        -0.2026735603130854,
        0.04115613793331141,
        -3.0441047533166638e-16
      ],
      [
        -0.025474388446204997,
        0.021643037882673254,
        0.008443852359525035
      ]
    ]
  },
  "ring": {
    "degree": 3,
    "num_points": 5000,
    "coeffs": [
      [
        0.024243514511164767,
        0.16407569711061376,
        -0.008598829828699238
      ],
      [
        0.14654256089360954,
        -0.25437049853845584,
        0.013330972647941789
      ],
      [
        -0.1783430991954497,
        -0.028160480588290876,
        0.001475826004322163
      ],
      [
        -0.018851797819583915,
        0.14340336366864737,
        -0.015007756828071896
      ]
    ]
  },
  "pinky": {
    "degree": 3,
    "num_points": 5000,
    "coeffs": [
      [
        -0.02903778592813556,
        -0.13162477057219163,
        0.013834326002633944
      ],
      [
        0.1964195435266902,
        0.18184568817798802,
        -0.019112759106751212
      ],
      [
        -0.1549185972235386,
        0.0524440337753588,
        -0.005512092115999109
      ],
      [
        -0.028435323273808377,
        0.031593311882005086,
        -0.026037044327305855
      ]
    ]
  }
}