{
  "index": {
    "num_points": 10000,
    "coeffs": [
      0.16165094578740044,
      -0.15002335147716805,
      0.04469704158537725,
      46.82955213618173
    ]
  },
  "middle": {
    "num_points": 10000,
    "coeffs": [
      0.16642126496084192,
      -0.15838769076860948,
      0.04516130164725582,
      46.252722636934095
    ]
  },
  "ring": {
    "num_points": 10000,
    "coeffs": [
      0.16123560207366677,
      -0.1495693592898291,
      0.04467795088775201,
      46.84852233654654
    ]
  },
  "pinky": {
    "num_points": 10000,
    "coeffs": [
      0.14973936454254322,
      -0.1308907703973256,
      0.04348169920954938,
      48.559149694375854
    ]
  }
}