{
  "thumb": {
    "degree": 4,
    "coeffs": [
      [
        -0.03974368495659237,
        0.0622615065779001,
        0.10656581661897442
      ],
      [
        0.01499658325170058,
        0.06789150146882558,
        -0.05879600323733726
      ],
      [
        0.01270316170022911,
        -0.03519563072592605,
        -0.04098864537682676
      ],
      [
        -0.006710275044513783,
        -0.016812653963971975,
        0.02170095725479033
      ],
      [
        -0.00037517364616715865,
        0.007382130245822747,
        0.0002711912211714013
      ],
      [
        -0.11221463388788892,
        3.5199528647529123e-07,
        -0.027744607016440666
      ],
      [
        0.08581969518126942,
        -1.13013728081251e-06,
        0.009689388895079991
      ],
      [
        0.0356109268102977,
        1.265259130282634e-06,
        0.03519698891668369
      ],
      [
        -0.015939794708208214,
        -3.4913374835748856e-07,
        -0.02083106103320203
      ],
      [
        0.022522882140262594,
        -5.645201754254956e-07,
        -0.07956204141258587
      ],
      [
        -0.02170892571592125,
        7.857398701544881e-07,
        0.07400045990416014
      ],
      [
        -0.005507581108053032,
        -5.263508093727232e-07,
        0.0041720585951269765
      ],
      [
        0.029442733340696626,
        4.658959839471047e-07,
        0.01895845911414671
      ],
      [
        -0.018382979301498792,
        -7.785900666450335e-08,
        -0.02411016700337411
      ],
      [
        -0.004717950949158776,
        -1.9540650808760204e-07,
        0.003613355924489556
      ]
    ],
    "dof1_range": [
      2.0884832734879843e-05,
      0.999816412823643
    ],
    "dof2_range": [
      3.4760941118539e-05,
      0.9994045442217261
    ]
  }
}