{
  "thumb": {
    "num_points_u": 50,
    "num_points_v": 50,
    "coeffs": [
      [
        -0.11682747286953618,
        0.0499551161079708,
        0.03302107417492271
      ],
      [
        0.051237705295936006,
        0.07371497413316747,
        -0.04302792031667059
      ],
      [
        0.05634433169481444,
        0.04498714694855813,
        0.08918401931336681
      ],
      [
        0.011554722842307002,
        -0.04874721449327446,
        -0.009002113875757663
      ],
      [
        0.0005115665329834205,
        -0.002158203520002756,
        -0.0003985539287953825
      ],
      [
        0.009997394154433023,
        -0.04217713603960797,
        -0.007788822100476108
      ]
    ],
    "u_bounds": [
      0.0,
      0.9999999988274338
    ],
    "v_bounds": [
      0.0,
      0.9999999990478433
    ]
  }
}